title,company,location,link
Senior Software Engineer - Full Stack,Higher Logic,No office location,https://stackoverflow.com/jobs/566226
Frontend Engineer 80-100% (f/m/d),Homegate,"Berlin, Germany",https://stackoverflow.com/jobs/543689
Full Stack Web Developer (m/w/d),EyeC GmbH,"Hamburg, Deutschland",https://stackoverflow.com/jobs/408137
Frontend Web Developer (m/w/d),EyeC GmbH,"Hamburg, Deutschland",https://stackoverflow.com/jobs/408135
Senior Full Stack Web Engineer,Runtastic,"Linz, Austria",https://stackoverflow.com/jobs/561448
Senior Front End developer,Apicbase Belgium,No office location,https://stackoverflow.com/jobs/526988
Javascript & PHP Entwickler(in) für spannende Webapplikationen,4eyes GmbH,"Basel, Schweiz",https://stackoverflow.com/jobs/420062
Azure Full Stack Developer,Innofactor Plc,"Espoo, Finland",https://stackoverflow.com/jobs/517279
Senior Full-Stack Engineer with Node.js - Tradeshift Go,Tradeshift,"Bucharest, Romania",https://stackoverflow.com/jobs/526924
Senior Full-stack Web Developer,F-Secure,"Basingstoke, UK",https://stackoverflow.com/jobs/535566
Senior React Developer - Excel team,Supermetrics Oy,"Helsinki, Finland",https://stackoverflow.com/jobs/566250
Software Architect / Code Reviewer / Mentor - Part-time,Arcanys,No office location,https://stackoverflow.com/jobs/485542
Senior Architect,Capital Group,"Irvine, CA",https://stackoverflow.com/jobs/558027
Frontend Developer:in (all genders),asgoodasnew electronics GmbH,"Berlin, Deutschland",https://stackoverflow.com/jobs/565657
product software engineer,AE nv/sa,"Leuven, Belgium",https://stackoverflow.com/jobs/523550
Go Developer,Pensionera Förmedling i Sverige AB,"Stockholm, Sweden",https://stackoverflow.com/jobs/535317
"Senior/Front End Engineer, APAC",Coda Payments,No office location,https://stackoverflow.com/jobs/557316
Front-End Software Engineer,HENNGE K.K.,"Tokyo, Japan",https://stackoverflow.com/jobs/381280
Quality Assurance Engineer (m/f/d) - onsite or remote within the EU,ABOUT YOU SE & Co. KG,No office location,https://stackoverflow.com/jobs/548067
LMAX Software Developer (Core Java),LMAX Group,"London, UK",https://stackoverflow.com/jobs/181651
Fullstack / Backend developer,Pensionera Förmedling i Sverige AB,"Stockholm, Sweden",https://stackoverflow.com/jobs/553101
Développeur Angular / Java,Digital4Better,"Paris, France",https://stackoverflow.com/jobs/515925
"Full Stack Software Engineer, Business Integrity",ByteDance,Singapore,https://stackoverflow.com/jobs/553099
Frontend - Engineer Fokus Vue.JS(m/w/d) 100% Homeoffice,iits-consulting,No office location,https://stackoverflow.com/jobs/515912
Senior Software Entwickler – IT / AWS / Java / Start-up (m/w/d),codefortynine GmbH,No office location,https://stackoverflow.com/jobs/566217
Senior Software Engineer - Full Stack,Higher Logic,No office location,https://stackoverflow.com/jobs/566226
Frontend Engineer 80-100% (f/m/d),Homegate,"Berlin, Germany",https://stackoverflow.com/jobs/543689
Full Stack Web Developer (m/w/d),EyeC GmbH,"Hamburg, Deutschland",https://stackoverflow.com/jobs/408137
Frontend Web Developer (m/w/d),EyeC GmbH,"Hamburg, Deutschland",https://stackoverflow.com/jobs/408135
Senior Full Stack Web Engineer,Runtastic,"Linz, Austria",https://stackoverflow.com/jobs/561448
Senior Front End developer,Apicbase Belgium,No office location,https://stackoverflow.com/jobs/526988
Javascript & PHP Entwickler(in) für spannende Webapplikationen,4eyes GmbH,"Basel, Schweiz",https://stackoverflow.com/jobs/420062
Azure Full Stack Developer,Innofactor Plc,"Espoo, Finland",https://stackoverflow.com/jobs/517279
Senior Full-Stack Engineer with Node.js - Tradeshift Go,Tradeshift,"Bucharest, Romania",https://stackoverflow.com/jobs/526924
Senior Full-stack Web Developer,F-Secure,"Basingstoke, UK",https://stackoverflow.com/jobs/535566
Senior React Developer - Excel team,Supermetrics Oy,"Helsinki, Finland",https://stackoverflow.com/jobs/566250
Software Architect / Code Reviewer / Mentor - Part-time,Arcanys,No office location,https://stackoverflow.com/jobs/485542
Senior Architect,Capital Group,"Irvine, CA",https://stackoverflow.com/jobs/558027
Frontend Developer:in (all genders),asgoodasnew electronics GmbH,"Berlin, Deutschland",https://stackoverflow.com/jobs/565657
product software engineer,AE nv/sa,"Leuven, Belgium",https://stackoverflow.com/jobs/523550
Go Developer,Pensionera Förmedling i Sverige AB,"Stockholm, Sweden",https://stackoverflow.com/jobs/535317
"Senior/Front End Engineer, APAC",Coda Payments,No office location,https://stackoverflow.com/jobs/557316
Front-End Software Engineer,HENNGE K.K.,"Tokyo, Japan",https://stackoverflow.com/jobs/381280
Quality Assurance Engineer (m/f/d) - onsite or remote within the EU,ABOUT YOU SE & Co. KG,No office location,https://stackoverflow.com/jobs/548067
LMAX Software Developer (Core Java),LMAX Group,"London, UK",https://stackoverflow.com/jobs/181651
Fullstack / Backend developer,Pensionera Förmedling i Sverige AB,"Stockholm, Sweden",https://stackoverflow.com/jobs/553101
Développeur Angular / Java,Digital4Better,"Paris, France",https://stackoverflow.com/jobs/515925
"Full Stack Software Engineer, Business Integrity",ByteDance,Singapore,https://stackoverflow.com/jobs/553099
Frontend - Engineer Fokus Vue.JS(m/w/d) 100% Homeoffice,iits-consulting,No office location,https://stackoverflow.com/jobs/515912
Senior Software Entwickler – IT / AWS / Java / Start-up (m/w/d),codefortynine GmbH,No office location,https://stackoverflow.com/jobs/566217
Fullstack Professional with PHP/Symfony 4 & vue.js experience,roadsurfer GmbH,"München, Deutschland",https://stackoverflow.com/jobs/497587
"Frontend Software Engineer, Customer Service Platform",ByteDance,Singapore,https://stackoverflow.com/jobs/541573
"Frontend Software Engineer, Business Integrity",ByteDance,Singapore,https://stackoverflow.com/jobs/553035
Fullstack Web-Entwickler PHP/React (m/w/d) für E-Commerce Agentur aus Bremen,hmmh multimediahaus AG,No office location,https://stackoverflow.com/jobs/526714
Technical Lead PWA (m/f/d),shopware AG,No office location,https://stackoverflow.com/jobs/541482
Senior Java fejlesztő,UNIQA Raiffeisen Software Service Kft.,"Budapest, Ungarn",https://stackoverflow.com/jobs/515490
Fullstack Developer (f/m/d),Trusted Shops GmbH,"Köln, Deutschland",https://stackoverflow.com/jobs/556894
"Front End Engineer (Ionic, Angular)",Modus Create,No office location,https://stackoverflow.com/jobs/566170
Frontend Developer (Vue),Hubstaff,No office location,https://stackoverflow.com/jobs/566168
Senior Software Engineer,SimpleNexus LLC,No office location,https://stackoverflow.com/jobs/523125
Ruby on Rails Engineer,Hubstaff,No office location,https://stackoverflow.com/jobs/566167
Frontend Developer m/w/d,MARC O'POLO International GmbH,"Stephanskirchen, Deutschland",https://stackoverflow.com/jobs/534473
Senior Full-stack Web Developer,F-Secure,"Poznań, Poland",https://stackoverflow.com/jobs/526479
Test Analyst at LMAX Group,LMAX Group,"London, UK",https://stackoverflow.com/jobs/245647
Vue.js Developer (Remote),X-Team,No office location,https://stackoverflow.com/jobs/534462
Backend developer to build robust systems with Kotlin,Shape A/S,"København, Denmark",https://stackoverflow.com/jobs/370009
"Lead Polyglot Software Engineers – TDD, XP, JavaScript",Pragmateam,"Sydney, Australia",https://stackoverflow.com/jobs/519292
Full Stack Engineer,SimpleNexus LLC,No office location,https://stackoverflow.com/jobs/523006
Staff Software Engineer,BillionToOne,"Menlo Park, CA",https://stackoverflow.com/jobs/565619
Senior Software Engineer,Beast Code,"Fort Walton Beach, FL",https://stackoverflow.com/jobs/541115
Senior Frontend Engineer (Remote),Nebulab,No office location,https://stackoverflow.com/jobs/541099
Solutions Architect ( IAM),Modus Create,No office location,https://stackoverflow.com/jobs/565607
Full Stack Developer Mobile Gaming (m/w/d),Lotum GmbH,"Bad Nauheim, Deutschland",https://stackoverflow.com/jobs/372990
Senior Web/Mobile Developer (m/w/d),Lotum GmbH,"Frankfurt am Main, Deutschland",https://stackoverflow.com/jobs/372988
Full Stack Mobile Developer (Flutter) (w/m/d),Lotum GmbH,"Frankfurt am Main, Deutschland",https://stackoverflow.com/jobs/526742
Solution Architect,Enovational,"Washington, DC",https://stackoverflow.com/jobs/420637
DevOps Engineer,Sytac IT Consulting,"Haarlem, Netherlands",https://stackoverflow.com/jobs/534200
Software Full Stack Engineer,Singapore Innovate Pte. Ltd,Singapore,https://stackoverflow.com/jobs/565596
Solution Architect - Prototyping (m/w/d) Tax & Legal Garage,Deloitte Deutschland,"Düsseldorf, Deutschland",https://stackoverflow.com/jobs/534020
Android Engineer,Modus Create,No office location,https://stackoverflow.com/jobs/566141
Software Development Architect/Lead Developer (gn) Java,SoftwareONE Deutschland GmbH,"Leipzig, Germany",https://stackoverflow.com/jobs/526082
Software Development Architect (gn) C# / .NET,SoftwareONE Deutschland GmbH,"Leipzig, Germany",https://stackoverflow.com/jobs/526080
Software Developer (gn) Java,SoftwareONE Deutschland GmbH,"Leipzig, Germany",https://stackoverflow.com/jobs/526079
Software Developer (gn) C# / .NET,SoftwareONE Deutschland GmbH,"Leipzig, Germany",https://stackoverflow.com/jobs/526078
Front-end web developer to make digital solutions for social challenges,Innovattic,"Delft, Netherlands",https://stackoverflow.com/jobs/529137
"Principal Engineer (.NET Web Projects, Fully Remote)",BlueModus,No office location,https://stackoverflow.com/jobs/566131
Senior Developer,EVS llc,"Westminster, CO",https://stackoverflow.com/jobs/529103
Senior Frontend Engineer | Vue.js,iubenda,"Milan, Italy",https://stackoverflow.com/jobs/565495
Senior Front-end / JS Developer (Remote),iubenda,"Milan, Italy",https://stackoverflow.com/jobs/565494
Senior Frontend Developer (m/w/d) - Experience Design & Mobile,Deloitte Deutschland,"Düsseldorf, Deutschland",https://stackoverflow.com/jobs/533735
Software-Entwickler (w/m/d),CASERIS GmbH,"Stolberg, Deutschland",https://stackoverflow.com/jobs/566118
Web Backend Entwickler*in Java,netcare Business Solutions GmbH,"Frankfurt am Main, Deutschland",https://stackoverflow.com/jobs/565486
Full Stack Developer,Enovational,"Washington, DC",https://stackoverflow.com/jobs/173771
Senior Software Engineer,Enovational,"Washington, DC",https://stackoverflow.com/jobs/420640
Web Developer (Angular),SUSE,No office location,https://stackoverflow.com/jobs/539503
Sr. Full Stack Engineer- Python,AutoTrader,"Toronto, ON, Canada",https://stackoverflow.com/jobs/529021
Senior Web Engineer,Blinks Labs GmbH,"Berlin, Germany",https://stackoverflow.com/jobs/566109
Software Developer Vue.js (m/f/d),shopware AG,"Schöppingen, Deutschland",https://stackoverflow.com/jobs/549078
JavaScript Engineer (Canada Remote),Fullscript,No office location,https://stackoverflow.com/jobs/566101
Full Stack Developer,Rakettitiede,"Helsinki, Finland",https://stackoverflow.com/jobs/522743
Frontend Developer / Headless Expert,Magnolia International Ltd.,No office location,https://stackoverflow.com/jobs/525573
Senior Backend Engineer - Elixir,Remote,No office location,https://stackoverflow.com/jobs/533358
Full Stack Software Engineer,Applied,No office location,https://stackoverflow.com/jobs/566095
Front-End Developer,Cognitive Space,"Houston, TX",https://stackoverflow.com/jobs/566089
"Back End Engineer (Python, AWS)",Modus Create,No office location,https://stackoverflow.com/jobs/560131
Frontend Developer (f/m/d),Trusted Shops GmbH,"Köln, Deutschland",https://stackoverflow.com/jobs/566081
Fullstack Developer (m/w/d) remote,best it AG,"Berlin, Deutschland",https://stackoverflow.com/jobs/512059
Frontend Engineer / Working student (m/f/d),Motius GmbH,"München, Deutschland",https://stackoverflow.com/jobs/560120
Senior Front-end Developer (Remote),SORAMITSU,"Innopolis, Russia",https://stackoverflow.com/jobs/522571
Backend Java Developer,Tradeshift,"București, Romania",https://stackoverflow.com/jobs/533090
Javascript Developer - React or Angular or VueJS,Arcanys,No office location,https://stackoverflow.com/jobs/551985
"Software Engineer, Backend [US App]",Mercari,"Tokyo, Japan",https://stackoverflow.com/jobs/471997
Front End Engineer,Everli,No office location,https://stackoverflow.com/jobs/566063
Full-Stack Senior Developer,AudioValley,"Paris, France",https://stackoverflow.com/jobs/566062
Softwareentwickler / Software Developer (m/w/d) Java Mobility as a Service,INIT Group,"Karlsruhe, Deutschland",https://stackoverflow.com/jobs/566056
Senior Frontend Developer (m/f/d) Vue,Laserhub GmbH,"Stuttgart, Deutschland",https://stackoverflow.com/jobs/539731
Full Stack Developer,Mimacom,"Denver, CO",https://stackoverflow.com/jobs/556133
"full-stack web developer (node.js, typescript)",code d'azur,"Amsterdam, Netherlands",https://stackoverflow.com/jobs/522428
Staff Frontend Software Engineer (US Only),"Pie Insurance Holdings, Inc.",No office location,https://stackoverflow.com/jobs/545528
Solution Architect Web Platforms,ti&m AG,"Zürich, Schweiz",https://stackoverflow.com/jobs/522338
"(Senior) Frontend Developer (m/w/d), Remote, Köln, Hamburg, Berlin od. Gütersloh",Schüttflix GmbH,"Cologne, Germany",https://stackoverflow.com/jobs/525579
Senior Software Engineer .NET (m/w/d),ti&m AG,"Frankfurt am Main, Deutschland",https://stackoverflow.com/jobs/522249
Senior React Developer (m/w/d),reppa.net GmbH,"München, Deutschland",https://stackoverflow.com/jobs/365543
Full-Stack Software Engineer,Captivation Software,"Fort Meade, MD",https://stackoverflow.com/jobs/525427
(Senior) Frontend Engineer | Angular or React | Barcelona,Dynatrace,"Barcelona, Spain",https://stackoverflow.com/jobs/559775
Senior Front End Engineer,Demand.io,"Los Angeles, CA",https://stackoverflow.com/jobs/555644
Senior Python/Django Full-stack Developer,Apicbase Belgium,No office location,https://stackoverflow.com/jobs/545356
Web Systems Engineer - HPC Products,DUG Technology,"West Perth, Australia",https://stackoverflow.com/jobs/528138
Front End Software Engineer – HPC Products,DUG Technology,"West Perth, Australia",https://stackoverflow.com/jobs/528137
Web Developer - Apps Team,Esri,"Portland, ME",https://stackoverflow.com/jobs/566045
"Solution Lead (.NET Web Projects, Fully Remote)",BlueModus,No office location,https://stackoverflow.com/jobs/561219
Senior Webentwickler Javascript – Web E-Commerce (m/w/d),ifm-Unternehmensgruppe,"Essen, Deutschland",https://stackoverflow.com/jobs/566012
Junior Frontend Developer,Singapore Innovate Pte. Ltd,Singapore,https://stackoverflow.com/jobs/565262
"Java-Entwickler / Software Developer, z. B. Informatiker (w/m/d)",emsys VPP GmbH,"Oldenburg, Deutschland",https://stackoverflow.com/jobs/565261
Senior Full Stack PHP Engineer (all genders),Goodgame Studios,"Hamburg, Deutschland",https://stackoverflow.com/jobs/566009
Software Engineer – React,LifeOmic,"Indianapolis, IN",https://stackoverflow.com/jobs/519007
"Senior Software Engineer – AWS, NodeJS, Serverless",LifeOmic,"Indianapolis, IN",https://stackoverflow.com/jobs/519002
Experienced Frontend Web Engineer,Scoville,"Tokyo, Japan",https://stackoverflow.com/jobs/513039
"Développeur .Net (possibilité de télétravail à 100%, partout au Québec)",Grics,"Montréal, QC, Canada",https://stackoverflow.com/jobs/521899
"Développeur C# C++ (possibilité de télétravail à 100%, partout au Québec)",Grics,"Montréal, QC, Canada",https://stackoverflow.com/jobs/521898
Modern Infrastructure and Security Architect - Remote,MUFG,No office location,https://stackoverflow.com/jobs/559431
Full Stack Software Engineer,Stable Kernel,"Atlanta, GA",https://stackoverflow.com/jobs/555631
DevOps Architect (AWS)- US (Remote),Modus Create,No office location,https://stackoverflow.com/jobs/565958
Senior WordPress Developer,Curotec,No office location,https://stackoverflow.com/jobs/550906
Senior Software Developer,SSENSE,"Toronto, ON, Canada",https://stackoverflow.com/jobs/521748
Senior Software Developer,SSENSE,"Montreal, QC, Canada",https://stackoverflow.com/jobs/521747
Full-Stack Technical Lead,SSENSE,"Montreal, QC, Canada",https://stackoverflow.com/jobs/521742
PHP Developer,alfaview GmbH,No office location,https://stackoverflow.com/jobs/559394
Full-Stack Technical Lead,SSENSE,"Austin, TX",https://stackoverflow.com/jobs/521737
Senior Full-Stack Developer,Supermetrics Oy,"Helsinki, Finland",https://stackoverflow.com/jobs/565936
Fullstack Applications Developer (Always Remote),Fresh Technology,No office location,https://stackoverflow.com/jobs/555283
Mobile APP Developers - Leading Electronics Company,Pyronix,"Doncaster, UK",https://stackoverflow.com/jobs/524940
Front End Developer,Greenhost,"Amsterdam, Netherlands",https://stackoverflow.com/jobs/524919
Join the Crew - Passionate Senior Software Engineer,Spaceteams GmbH,"Hamburg, Germany",https://stackoverflow.com/jobs/555273
(Junior) Full Stack Developer (m/w/d),MVZ Martinsried GmbH,"Planegg, Deutschland",https://stackoverflow.com/jobs/565919
(Senior) Backend Developer - node.js (Jede*r),tarent solutions GmbH,"Bonn, Deutschland",https://stackoverflow.com/jobs/538095
"QA Automation Engineer ( Python, Pytest)",Modus Create,No office location,https://stackoverflow.com/jobs/565910
"Full Stack Engineer (Java, React) - Remote/US Based",Modus Create,No office location,https://stackoverflow.com/jobs/559041
Senior Software Engineer,uShip,"Austin, TX",https://stackoverflow.com/jobs/537938
Data Science - Engineering Manager,Belvo Technologies,No office location,https://stackoverflow.com/jobs/559029
Senior Java Fullstack Developer: contribute E2E from server side to API & the UI,Mimecast,"London, UK",https://stackoverflow.com/jobs/415192
"Remote Polyglot Software Engineer – TDD, XP, JavaScript",Pragmateam,No office location,https://stackoverflow.com/jobs/523004
Experienced Software Engineer,Outschool,No office location,https://stackoverflow.com/jobs/550915
(Senior) Full-Stack Software Engineer for 20 Minuten news platform (f/m/d) 80-10,TX Group,"Zürich, Switzerland",https://stackoverflow.com/jobs/558879
Full Stack Developer (m/w/d),CAS AG,"Hamburg, Deutschland",https://stackoverflow.com/jobs/524589
Frontend Developer (m/w/d),RheinEnergie AG,"Köln, Deutschland",https://stackoverflow.com/jobs/506045
Senior Software Engineer - React Native,uShip,"Austin, TX",https://stackoverflow.com/jobs/550764
Geoscience Software Developer (User Interface),BGS,"Nottingham, UK",https://stackoverflow.com/jobs/565890
Senior Frontend Engineer (React + Typescript),Bigblue,"Paris, France",https://stackoverflow.com/jobs/505291
Senior Software Engineer,ZAIKO K.K.,"Minato City, Japan",https://stackoverflow.com/jobs/524414
Junior JavaScript developer,SofteqviaInvest Lithuania,"Vilnius, Lithuania",https://stackoverflow.com/jobs/543978
Remote Experienced Frontend Engineer - React,"TheoremOne, LLC",No office location,https://stackoverflow.com/jobs/562427
Senior Backend Architect (m/f/d),Motius GmbH,"München, Deutschland",https://stackoverflow.com/jobs/565858
Technical Lead (Vue.js),Coda Payments,"Mumbai, India",https://stackoverflow.com/jobs/550601
Developer Frontend/ Backend/ Fullstack m/w/d,MARC O'POLO International GmbH,"Stephanskirchen, Deutschland",https://stackoverflow.com/jobs/519513
Senior JavaScript Engineer for our ecommerce storefront  (f/m/d),ePages GmbH,"Hamburg, Germany",https://stackoverflow.com/jobs/123431
"Front End Engineer (React, Typescript)",Modus Create,No office location,https://stackoverflow.com/jobs/565852
Fullstack Developer (m/w/d),best it AG,"Berlin, Deutschland",https://stackoverflow.com/jobs/368833
Software Engineer - Full Stack (Mid-Senior),Olo,No office location,https://stackoverflow.com/jobs/448572
React Developer - DWH team,Supermetrics Oy,"Helsinki, Finland",https://stackoverflow.com/jobs/565838
CDI -  Senior Developper - Rennes,Steeple,"Rennes, France",https://stackoverflow.com/jobs/530505
Web developer,Intel Corporation,"Moscow, Russia",https://stackoverflow.com/jobs/530450
Senior Full Stack Developer,AutoRek,"Edinburgh, UK",https://stackoverflow.com/jobs/520638
Join the Crew - Ambitious Fullstack Software Engineer (all genders),Spaceteams GmbH,"Hamburg, Germany",https://stackoverflow.com/jobs/554531
Senior Full Stack Developer (m/w/d) - onsite or remote within the EU,ABOUT YOU SE & Co. KG,"Hamburg, Deutschland",https://stackoverflow.com/jobs/262255
Frontend Engineer – Vue.js,SpotMe,No office location,https://stackoverflow.com/jobs/535271
Senior Full Stack Laravel & Vue.js,Worksome ApS,"København, Denmark",https://stackoverflow.com/jobs/503422
Software Engineer - Frontend,ZALORA,"Ho Chi Minh City, Vietnam",https://stackoverflow.com/jobs/536783
Java-Softwareentwickler (w/m/d),parcIT GmbH,"Köln, Deutschland",https://stackoverflow.com/jobs/524114
Senior Front-end Engineer,Reaktor,"Lisboa, Portugal",https://stackoverflow.com/jobs/554381
"(Senior) Backend Developer (m/w/d), Köln oder Gütersloh",Schüttflix GmbH,"Köln, Deutschland",https://stackoverflow.com/jobs/530252
Backend Engineer 80-100% (f/m/d),Homegate,"Berlin, Germany",https://stackoverflow.com/jobs/543690
Senior Python/Django Full-stack Developer,Apicbase Belgium,No office location,https://stackoverflow.com/jobs/515716
Fullstack Engineer 80-100% (f/m/d),Homegate,No office location,https://stackoverflow.com/jobs/543686
⌨️ Full-stack Software Development Engineer,Acho,"Boston, MA",https://stackoverflow.com/jobs/561831
Senior Full Stack Developer - PHP and VueJS (f/m/d),CA Customer Alliance GmbH,No office location,https://stackoverflow.com/jobs/528320
E-commerce und Plugin / Theme Entwickler (m/w/d),SOLIT Management GmbH,"Wiesbaden, Deutschland",https://stackoverflow.com/jobs/518171
Front-End Engineer,Mixam,"Watford, UK",https://stackoverflow.com/jobs/523992
REMOTE Techlead / Principal Engineer Node.js @Global Culture Platform (m/f/x),"AVANTGARDE - ""Creating Fans""",No office location,https://stackoverflow.com/jobs/538107
Full Stack Developer,Digia,"Helsinki, Finland",https://stackoverflow.com/jobs/554220
